{
  "schemaVersion": 1,
  "id": "radium",
  "version": "1.0.0",
  "name": "Radium",
  "description": "Advanced hack client for Minecraft 1.21.1 with Insane modules",
  "authors": [
    "nnpg",
    "ky.jar",
    "XuFluffy",
    "wisp",
    "graphics"
  ],
  "contact": {},
  "license": "MIT",
  "icon": "assets/radium/textures/icon.png",
  "environment": "client",
  "entrypoints": {
    "client": [
      "com.radium.client.client.Main"
    ]
  },
  "mixins": [
    "radium.mixins.json"
  ],
  "depends": {
    "fabricloader": ">=0.16.0",
    "minecraft": "1.21.1",
    "java": ">=21",
    "fabric-api": "*"
  },
  "suggests": {
    "another-mod": "*"
  }
}