{
  "required": true,
  "minVersion": "0.8",
  "package": "com.radium.client.mixins",
  "compatibilityLevel": "JAVA_21",
  "refmap": "radium.refmap.json",
  "client": [
    "AbstractBlockStateMixin",
    "AbstractClientPlayerEntityMixin",
    "BackgroundRendererMixin",
    "BlockModelRendererMixin",
    "BlockRenderManagerMixin",
    "CameraMixin",
    "ChatHudMixin",
    "ClientConnectionMixin",
    "ClientPlayerEntityMixin",
    "ClientPlayerInteractionManagerAccessor",
    "ClientPlayNetworkHandlerMixin",
    "ConnectScreenMixin",
    "DisconnectedScreenMixin",
    "EntityMixin",
    "EntityRendererMixin",
    "FluidRendererMixin",
    "GameRendererMixin",
    "HandledScreenMixin",
    "InGameHudMixin",
    "ItemRendererMixin",
    "ItemStackMixin",
    "KeyBindingAccessor",
    "KeybindingMixin",
    "KeyboardMixin",
    "LivingEntityMixin",
    "LivingEntityRendererMixin",
    "MinecraftClientAccessor",
    "MinecraftClientMixin",
    "MouseMixin",
    "PlayerListEntryMixin",
    "RenderLayersMixin",
    "ScreenMixin",
    "TextVisitFactoryMixin",
    "TitleScreenMixin",
    "WorldRendererMixin"
  ],
  "injectors": {
    "defaultRequire": 1
  }
}