{
  "blend": {
    "func": "add",
    "srcrgb": "src_alpha",
    "dstrgb": "one_minus_src_alpha"
  },
  "vertex": "radium:gui_shader",
  "fragment": "radium:gui_shader",
  "attributes": [
    "Position",
    "UV",
    "Color"
  ],
  "samplers": [
    {
      "name": "DiffuseSampler"
    }
  ],
  "uniforms": [
    {
      "name": "ModelViewMat",
      "type": "matrix4x4",
      "count": 16,
      "values": [
        1.0,
        0.0,
        0.0,
        0.0,
        0.0,
        1.0,
        0.0,
        0.0,
        0.0,
        0.0,
        1.0,
        0.0,
        0.0,
        0.0,
        0.0,
        1.0
      ]
    },
    {
      "name": "ProjMat",
      "type": "matrix4x4",
      "count": 16,
      "values": [
        1.0,
        0.0,
        0.0,
        0.0,
        0.0,
        1.0,
        0.0,
        0.0,
        0.0,
        0.0,
        1.0,
        0.0,
        0.0,
        0.0,
        0.0,
        1.0
      ]
    },
    {
      "name": "IViewRotMat",
      "type": "matrix3x3",
      "count": 9,
      "values": [
        1.0,
        0.0,
        0.0,
        0.0,
        1.0,
        0.0,
        0.0,
        0.0,
        1.0
      ]
    },
    {
      "name": "ColorModulator",
      "type": "float",
      "count": 4,
      "values": [
        1.0,
        1.0,
        1.0,
        1.0
      ]
    },
    {
      "name": "FogStart",
      "type": "float",
      "count": 1,
      "values": [
        0.0
      ]
    },
    {
      "name": "FogEnd",
      "type": "float",
      "count": 1,
      "values": [
        1.0
      ]
    },
    {
      "name": "FogColor",
      "type": "float",
      "count": 4,
      "values": [
        0.0,
        0.0,
        0.0,
        0.0
      ]
    },
    {
      "name": "Radius",
      "type": "float",
      "count": 1,
      "values": [
        1.0
      ]
    },
    {
      "name": "TexelSize",
      "type": "float",
      "count": 2,
      "values": [
        0.001,
        0.001
      ]
    }
  ]
}